season,region,team,pool,slot,player,overall,suggested_overall,notes
S1 '16,EU,FlipSid3 Tactics,worlds,P1,kuxir97,92,,
S1 '16,EU,FlipSid3 Tactics,worlds,P2,Markydooda,88,,
S1 '16,EU,FlipSid3 Tactics,worlds,P3,M1k3Rules,87,,
S1 '16,EU,FlipSid3 Tactics,worlds,SUB,Mye_bipod_4shor,62,,
S1 '16,EU,Mock-It eSports,worlds,P1,Paschy90,82,,
S1 '16,EU,Mock-It eSports,worlds,P2,Sikii,80,,
S1 '16,EU,Mock-It eSports,worlds,P3,Turbopolsa,78,,
S1 '16,EU,Mock-It eSports,worlds,SUB,Killerno7,58,,
S1 '16,EU,Northern Gaming,worlds,P1,Greazy,87,,
S1 '16,EU,Northern Gaming,worlds,P2,Maestro,86,,
S1 '16,EU,Northern Gaming,worlds,P3,Remkoe,85,,
S1 '16,EU,Northern Gaming,worlds,SUB,De Boer,60,,
S1 '16,EU,The Flying Dutchmen,worlds,P1,Dogu,82,,
S1 '16,EU,The Flying Dutchmen,worlds,P2,Jessie,81,,
S1 '16,EU,The Flying Dutchmen,worlds,P3,Vogan,80,,
S1 '16,EU,The Flying Dutchmen,worlds,SUB,PauliepaulNL,58,,
S1 '16,NA,Exodus,worlds,P1,GarrettG,82,,
S1 '16,NA,Exodus,worlds,P2,Moses,79,,
S1 '16,NA,Exodus,worlds,P3,Turtle,78,,
S1 '16,NA,Exodus,worlds,SUB,Huskih,58,,
S1 '16,NA,Genesis,worlds,P1,Espeon,78,,
S1 '16,NA,Genesis,worlds,P2,Pluto,77,,
S1 '16,NA,Genesis,worlds,P3,Quinn Lobdell,76,,
S1 '16,NA,Genesis,worlds,SUB,Kovanel,56,,
S1 '16,NA,iBUYPOWER,worlds,P1,Kronovi,92,,
S1 '16,NA,iBUYPOWER,worlds,P2,Lachinio,88,,
S1 '16,NA,iBUYPOWER,worlds,P3,0ver Zer0,87,,
S1 '16,NA,Kings of Urban,worlds,P1,Fireburner,86,,
S1 '16,NA,Kings of Urban,worlds,P2,Jacob,85,,
S1 '16,NA,Kings of Urban,worlds,P3,Sadjunior,82,,
S1 '16,NA,Kings of Urban,worlds,SUB,Fl0w,60,,
S2 '16,EU,FlipSid3 Tactics,worlds,P1,kuxir97,94,,
S2 '16,EU,FlipSid3 Tactics,worlds,P2,Markydooda,89,,
S2 '16,EU,FlipSid3 Tactics,worlds,P3,Greazy,88,,
S2 '16,EU,FlipSid3 Tactics,worlds,SUB,JHZER,64,,
S2 '16,EU,Mock-It eSports,worlds,P1,Paschy90,85,,
S2 '16,EU,Mock-It eSports,worlds,P2,ViolentPanda,86,,
S2 '16,EU,Mock-It eSports,worlds,P3,Deevo,88,,
S2 '16,EU,Northern Gaming,worlds,P1,Remkoe,85,,
S2 '16,EU,Northern Gaming,worlds,P2,Maestro,85,,
S2 '16,EU,Northern Gaming,worlds,P3,Miztik,83,,
S2 '16,EU,Precision Z,worlds,P1,Skyline,78,,
S2 '16,EU,Precision Z,worlds,P2,Kaydop,84,,
S2 '16,EU,Precision Z,worlds,P3,Sikii,80,,
S2 '16,EU,Precision Z,worlds,SUB,Friisisch,58,,
S2 '16,NA,Genesis,worlds,P1,Pluto,78,,
S2 '16,NA,Genesis,worlds,P2,Espeon,76,,
S2 '16,NA,Genesis,worlds,P3,Klassux,78,,
S2 '16,NA,Genesis,worlds,SUB,Kyle Masc,56,,
S2 '16,NA,NRG Esports,worlds,P1,Fireburner,87,,
S2 '16,NA,NRG Esports,worlds,P2,Jacob,86,,
S2 '16,NA,NRG Esports,worlds,P3,Sadjunior,82,,
S2 '16,NA,Orbit eSport,worlds,P1,GarrettG,82,,
S2 '16,NA,Orbit eSport,worlds,P2,Turtle,80,,
S2 '16,NA,Orbit eSport,worlds,P3,Moses,78,,
S2 '16,NA,Orbit eSport,worlds,SUB,Sizz,65,,
S2 '16,NA,Take 3,worlds,P1,Insolences,80,,
S2 '16,NA,Take 3,worlds,P2,Rizzo,82,,
S2 '16,NA,Take 3,worlds,P3,Zanejackey,79,,
S2 '16,NA,Take 3,worlds,SUB,Low5ive,57,,
S2 '16,SAM,Wings E-Sports,sam-only(NEW),P1,LiberatoRL,68,,
S2 '16,SAM,Wings E-Sports,sam-only(NEW),P2,Ninja23509,71,,
S2 '16,SAM,Wings E-Sports,sam-only(NEW),P3,repi,70,,
S3 '17,EU,FlipSid3 Tactics,worlds,P1,Markydooda,87,,
S3 '17,EU,FlipSid3 Tactics,worlds,P2,kuxir97,88,,
S3 '17,EU,FlipSid3 Tactics,worlds,P3,Greazy,87,,
S3 '17,EU,FlipSid3 Tactics,worlds,SUB,Flarke,57,,
S3 '17,EU,Mockit eSports,worlds,P1,Fairy Peak!,89,,
S3 '17,EU,Mockit eSports,worlds,P2,Kaydop,91,,
S3 '17,EU,Mockit eSports,worlds,P3,Miztik,87,,
S3 '17,EU,Mockit eSports,worlds,SUB,Sniper,58,,
S3 '17,EU,Northern Gaming,worlds,P1,Remkoe,89,,
S3 '17,EU,Northern Gaming,worlds,P2,Deevo,95,,
S3 '17,EU,Northern Gaming,worlds,P3,Turbopolsa,88,,
S3 '17,EU,Northern Gaming,worlds,SUB,Maestro,82,,
S3 '17,EU,The Leftovers,worlds,P1,Ferra,85,,
S3 '17,EU,The Leftovers,worlds,P2,Sikii,81,,
S3 '17,EU,The Leftovers,worlds,P3,Snaski,83,,
S3 '17,EU,The Leftovers,worlds,SUB,Continuum,57,,
S3 '17,NA,Denial eSports,worlds,P1,Lethamyr,84,,
S3 '17,NA,Denial eSports,worlds,P2,CorruptedG,82,,
S3 '17,NA,Denial eSports,worlds,P3,Sadjunior,81,,
S3 '17,NA,Denial eSports,worlds,SUB,JWismont,57,,
S3 '17,NA,NRG Esports,worlds,P1,Fireburner,87,,
S3 '17,NA,NRG Esports,worlds,P2,GarrettG,87,,
S3 '17,NA,NRG Esports,worlds,P3,Jacob,86,,
S3 '17,NA,NRG Esports,worlds,SUB,Genocop,57,,
S3 '17,NA,Rogue,worlds,P1,Matt,84,,
S3 '17,NA,Rogue,worlds,P2,Sizz,84,,
S3 '17,NA,Rogue,worlds,P3,Turtle,85,,
S3 '17,NA,Rogue,worlds,SUB,Syntax,57,,
S3 '17,NA,Selfless Gaming,worlds,P1,Dappur,81,,
S3 '17,NA,Selfless Gaming,worlds,P2,Mijo,78,,
S3 '17,NA,Selfless Gaming,worlds,P3,Timi,79,,
S3 '17,NA,Selfless Gaming,worlds,SUB,Plu'oh,78,,
S3 '17,OCE,Alpha Sydney,worlds,P1,Drippay,83,,
S3 '17,OCE,Alpha Sydney,worlds,P2,Jake,80,,
S3 '17,OCE,Alpha Sydney,worlds,P3,Torsos,82,,
S3 '17,OCE,Alpha Sydney,worlds,SUB,ENiGMA,58,,
S3 '17,OCE,JAM Gaming,worlds,P1,Bango,74,,
S3 '17,OCE,JAM Gaming,worlds,P2,Express,79,,
S3 '17,OCE,JAM Gaming,worlds,P3,Montyconnor,74,,
S4 '17,EU,Gale Force eSports,worlds,P1,ViolentPanda,92,,
S4 '17,EU,Gale Force eSports,worlds,P2,Kaydop,96,,
S4 '17,EU,Gale Force eSports,worlds,P3,Turbopolsa,95,,
S4 '17,EU,Gale Force eSports,worlds,SUB,Dogu,62,,
S4 '17,EU,Method,worlds,P1,al0t,88,,
S4 '17,EU,Method,worlds,P2,Metsanauris,89,,
S4 '17,EU,Method,worlds,P3,Mognus,88,,
S4 '17,EU,Method,worlds,SUB,Sniper,60,,
S4 '17,EU,Mock-It eSports,worlds,P1,Fairy Peak!,87,,
S4 '17,EU,Mock-It eSports,worlds,P2,FreaKii,83,,
S4 '17,EU,Mock-It eSports,worlds,P3,Paschy90,82,,
S4 '17,EU,Mock-It eSports,worlds,SUB,PetricK,58,,
S4 '17,EU,PSG eSports,worlds,P1,Chausette45,87,,
S4 '17,EU,PSG eSports,worlds,P2,Ferra,86,,
S4 '17,EU,PSG eSports,worlds,P3,Bluey,87,,
S4 '17,EU,PSG eSports,worlds,SUB,Yukeo,70,,
S4 '17,NA,Cloud9,worlds,P1,Gimmick,88,,
S4 '17,NA,Cloud9,worlds,P2,SquishyMuffinz,91,,
S4 '17,NA,Cloud9,worlds,P3,Torment,88,,
S4 '17,NA,Cloud9,worlds,SUB,Napp,58,,
S4 '17,NA,G2 Esports,worlds,P1,Kronovi,87,,
S4 '17,NA,G2 Esports,worlds,P2,JKnaps,88,,
S4 '17,NA,G2 Esports,worlds,P3,Rizzo,86,,
S4 '17,NA,G2 Esports,worlds,SUB,Turtle,79,,
S4 '17,NA,Ghost Gaming,worlds,P1,Klassux,83,,
S4 '17,NA,Ghost Gaming,worlds,P2,Lethamyr,86,,
S4 '17,NA,Ghost Gaming,worlds,P3,Zanejackey,82,,
S4 '17,NA,Ghost Gaming,worlds,SUB,Blueze,57,,
S4 '17,NA,NRG Esports,worlds,P1,Fireburner,86,,
S4 '17,NA,NRG Esports,worlds,P2,GarrettG,87,,
S4 '17,NA,NRG Esports,worlds,P3,Jacob,83,,
S4 '17,NA,NRG Esports,worlds,SUB,DudeWithTheNose,56,,
S4 '17,OCE,Chiefs ESC,worlds,P1,Drippay,86,,
S4 '17,OCE,Chiefs ESC,worlds,P2,Jake,81,,
S4 '17,OCE,Chiefs ESC,worlds,P3,Torsos,84,,
S4 '17,OCE,Chiefs ESC,worlds,SUB,ENiGMA,60,,
S4 '17,OCE,Pale Horse eSports,worlds,P1,Kamii,79,,
S4 '17,OCE,Pale Horse eSports,worlds,P2,CJCJ,78,,
S4 '17,OCE,Pale Horse eSports,worlds,P3,Kia,77,,
S4 '17,OCE,Pale Horse eSports,worlds,SUB,Julz,60,,
S5 '18,EU,compLexity Gaming,worlds,P1,al0t,89,,
S5 '18,EU,compLexity Gaming,worlds,P2,Metsanauris,89,,
S5 '18,EU,compLexity Gaming,worlds,P3,Mognus,88,,
S5 '18,EU,compLexity Gaming,worlds,SUB,Speed,72,,
S5 '18,EU,Renault Vitality,worlds,P1,Fairy Peak!,87,,
S5 '18,EU,Renault Vitality,worlds,P2,FreaKii,84,,
S5 '18,EU,Renault Vitality,worlds,P3,Paschy90,83,,
S5 '18,EU,Renault Vitality,worlds,SUB,Gnagflow06,58,,
S5 '18,EU,Team Dignitas,worlds,P1,ViolentPanda,94,,
S5 '18,EU,Team Dignitas,worlds,P2,Kaydop,96,,
S5 '18,EU,Team Dignitas,worlds,P3,Turbopolsa,96,,
S5 '18,EU,Team Dignitas,worlds,SUB,Reepex,68,,
S5 '18,EU,Team Envy,worlds,P1,Deevo,88,,
S5 '18,EU,Team Envy,worlds,P2,EyeIgnite,87,,
S5 '18,EU,Team Envy,worlds,P3,Remkoe,87,,
S5 '18,EU,Team Envy,worlds,SUB,Greazy,78,,
S5 '18,NA,Cloud9,worlds,P1,Gimmick,90,,
S5 '18,NA,Cloud9,worlds,P2,SquishyMuffinz,91,,
S5 '18,NA,Cloud9,worlds,P3,Torment,89,,
S5 '18,NA,Cloud9,worlds,SUB,Sadjunior,72,,
S5 '18,NA,Evil Geniuses,worlds,P1,Chrome,86,,
S5 '18,NA,Evil Geniuses,worlds,P2,CorruptedG,84,,
S5 '18,NA,Evil Geniuses,worlds,P3,Klassux,83,,
S5 '18,NA,Evil Geniuses,worlds,SUB,Darkfire,60,,
S5 '18,NA,G2 Esports,worlds,P1,JKnaps,88,,
S5 '18,NA,G2 Esports,worlds,P2,Kronovi,86,,
S5 '18,NA,G2 Esports,worlds,P3,Rizzo,86,,
S5 '18,NA,G2 Esports,worlds,SUB,Satthew,70,,
S5 '18,NA,NRG Esports,worlds,P1,Fireburner,89,,
S5 '18,NA,NRG Esports,worlds,P2,GarrettG,91,,
S5 '18,NA,NRG Esports,worlds,P3,jstn.,92,,
S5 '18,NA,NRG Esports,worlds,SUB,Moses,70,,
S5 '18,OCE,Chiefs Esports Club,worlds,P1,Drippay,87,,
S5 '18,OCE,Chiefs Esports Club,worlds,P2,Jake,82,,
S5 '18,OCE,Chiefs Esports Club,worlds,P3,Torsos,85,,
S5 '18,OCE,Chiefs Esports Club,worlds,SUB,Requiem,60,,
S5 '18,OCE,Tainted Minds,worlds,P1,CJCJ,80,,
S5 '18,OCE,Tainted Minds,worlds,P2,Julz,79,,
S5 '18,OCE,Tainted Minds,worlds,P3,Kamii,81,,
S5 '18,OCE,Tainted Minds,worlds,SUB,xkorez,60,,
S6 '18,EU,Dignitas,worlds,P1,ViolentPanda,94,,
S6 '18,EU,Dignitas,worlds,P2,Kaydop,95,,
S6 '18,EU,Dignitas,worlds,P3,Turbopolsa,95,,
S6 '18,EU,Dignitas,worlds,SUB,JHZER,72,,
S6 '18,EU,FlipSid3 Tactics,worlds,P1,Miztik,82,,
S6 '18,EU,FlipSid3 Tactics,worlds,P2,kuxir97,87,,
S6 '18,EU,FlipSid3 Tactics,worlds,P3,Yukeo,84,,
S6 '18,EU,PSG Esports,worlds,P1,Ferra,87,,
S6 '18,EU,PSG Esports,worlds,P2,Chausette45,87,,
S6 '18,EU,PSG Esports,worlds,P3,fruity,85,,
S6 '18,EU,PSG Esports,worlds,SUB,Bluey,81,,
S6 '18,EU,We Dem Girlz,worlds,P1,Metsanauris,87,,
S6 '18,EU,We Dem Girlz,worlds,P2,EyeIgnite,88,,
S6 '18,EU,We Dem Girlz,worlds,P3,Remkoe,86,,
S6 '18,NA,Cloud9,worlds,P1,SquishyMuffinz,95,,
S6 '18,NA,Cloud9,worlds,P2,Torment,91,,
S6 '18,NA,Cloud9,worlds,P3,Gimmick,91,,
S6 '18,NA,Evil Geniuses,worlds,P1,CorruptedG,82,,
S6 '18,NA,Evil Geniuses,worlds,P2,Klassux,80,,
S6 '18,NA,Evil Geniuses,worlds,P3,Chicago,86,,
S6 '18,NA,G2 Esports,worlds,P1,Kronovi,86,,
S6 '18,NA,G2 Esports,worlds,P2,Rizzo,87,,
S6 '18,NA,G2 Esports,worlds,P3,JKnaps,89,,
S6 '18,NA,G2 Esports,worlds,SUB,Mijo,69,,
S6 '18,NA,G2 Esports,worlds,COACH,Jahzo,74,,
S6 '18,NA,NRG Esports,worlds,P1,Fireburner,88,,
S6 '18,NA,NRG Esports,worlds,P2,GarrettG,91,,
S6 '18,NA,NRG Esports,worlds,P3,jstn.,92,,
S6 '18,OCE,Chiefs Esports Club,worlds,P1,CJCJ,80,,
S6 '18,OCE,Chiefs Esports Club,worlds,P2,Express,81,,
S6 '18,OCE,Chiefs Esports Club,worlds,P3,Shadey,78,,
S6 '18,OCE,Tainted Minds,worlds,P1,Torsos,84,,
S6 '18,OCE,Tainted Minds,worlds,P2,Drippay,87,,
S6 '18,OCE,Tainted Minds,worlds,P3,Kamii,84,,
S7 '19,EU,FC Barcelona,worlds,P1,Bluey,87,,
S7 '19,EU,FC Barcelona,worlds,P2,Alpha54,90,,
S7 '19,EU,FC Barcelona,worlds,P3,Deevo,86,,
S7 '19,EU,FC Barcelona,worlds,SUB,ByMateos,65,,
S7 '19,EU,FC Barcelona,worlds,COACH,Gregan,84,,
S7 '19,EU,PSG Esports,worlds,P1,fruity,85,,
S7 '19,EU,PSG Esports,worlds,P2,Ferra,86,,
S7 '19,EU,PSG Esports,worlds,P3,Chausette45,88,,
S7 '19,EU,PSG Esports,worlds,SUB,Mout,65,,
S7 '19,EU,Renault Vitality,worlds,P1,Scrub Killa,92,,
S7 '19,EU,Renault Vitality,worlds,P2,Fairy Peak!,91,,
S7 '19,EU,Renault Vitality,worlds,P3,Kaydop,93,,
S7 '19,EU,Renault Vitality,worlds,SUB,Neqzo,69,,
S7 '19,EU,Renault Vitality,worlds,COACH,Gregan,86,,
S7 '19,EU,Triple Trouble,worlds,P1,Ronaky,84,,
S7 '19,EU,Triple Trouble,worlds,P2,Tadpole,82,,
S7 '19,EU,Triple Trouble,worlds,P3,Kassio,82,,
S7 '19,EU,Triple Trouble,worlds,SUB,Seeb,60,,
S7 '19,EU,Triple Trouble,worlds,COACH,Base,65,,
S7 '19,NA,Cloud9,worlds,P1,SquishyMuffinz,91,,
S7 '19,NA,Cloud9,worlds,P2,Gimmick,89,,
S7 '19,NA,Cloud9,worlds,P3,Torment,89,,
S7 '19,NA,Cloud9,worlds,SUB,Sadjunior,70,,
S7 '19,NA,G2 Esports,worlds,P1,JKnaps,90,,
S7 '19,NA,G2 Esports,worlds,P2,Rizzo,87,,
S7 '19,NA,G2 Esports,worlds,P3,Chicago,88,,
S7 '19,NA,G2 Esports,worlds,SUB,Mijo,69,,
S7 '19,NA,G2 Esports,worlds,COACH,Jahzo,76,,
S7 '19,NA,NRG Esports,worlds,P1,jstn.,91,,
S7 '19,NA,NRG Esports,worlds,P2,GarrettG,91,,
S7 '19,NA,NRG Esports,worlds,P3,Fireburner,87,,
S7 '19,NA,NRG Esports,worlds,COACH,Chrome,81,,
S7 '19,NA,Rogue,worlds,P1,Kronovi,86,,
S7 '19,NA,Rogue,worlds,P2,Wonder,82,,
S7 '19,NA,Rogue,worlds,P3,AYYJAYY,87,,
S7 '19,NA,Rogue,worlds,SUB,Sizz,73,,
S7 '19,OCE,Ground Zero Gaming,worlds,P1,Decka,80,,
S7 '19,OCE,Ground Zero Gaming,worlds,P2,Siki,78,,
S7 '19,OCE,Ground Zero Gaming,worlds,P3,Julz,79,,
S7 '19,OCE,Ground Zero Gaming,worlds,SUB,Kia,55,,
S7 '19,OCE,Renegades,worlds,P1,Kamii,81,,
S7 '19,OCE,Renegades,worlds,P2,Torsos,83,,
S7 '19,OCE,Renegades,worlds,P3,ZeN,80,,
S7 '19,OCE,Renegades,worlds,SUB,Requiem,55,,
S7 '19,SAM,Erodium,sam-only(NEW),P1,caiotg1,78,,
S7 '19,SAM,Erodium,sam-only(NEW),P2,math,74,,
S7 '19,SAM,Erodium,sam-only(NEW),P3,valt,73,,
S7 '19,SAM,Erodium,sam-only(NEW),SUB,Lance,60,,
S7 '19,SAM,Erodium,sam-only(NEW),COACH,Tibiano,58,,
S7 '19,SAM,FantasyDeath,sam-only(NEW),P1,davinsano,70,,
S7 '19,SAM,FantasyDeath,sam-only(NEW),P2,LeoDkn,69,,
S7 '19,SAM,FantasyDeath,sam-only(NEW),P3,SnipJuzo,68,,
S7 '19,SAM,FantasyDeath,sam-only(NEW),SUB,SrForeverplays,50,,
S7 '19,SAM,GFactor Galaxy,sam-only(NEW),P1,Gonk,70,,
S7 '19,SAM,GFactor Galaxy,sam-only(NEW),P2,PansitoFrances,69,,
S7 '19,SAM,GFactor Galaxy,sam-only(NEW),P3,Orbi7,68,,
S7 '19,SAM,GFactor Galaxy,sam-only(NEW),SUB,Deathxplosion,56,,
S7 '19,SAM,INTZ eSports,worlds,P1,repi,73,,
S7 '19,SAM,INTZ eSports,worlds,P2,PJ,72,,
S7 '19,SAM,INTZ eSports,worlds,P3,matix,77,,
S7 '19,SAM,INTZ eSports,worlds,COACH,Jato,60,,
S7 '19,SAM,Lotus,sam-only(NEW),P1,Haberkamper,74,,
S7 '19,SAM,Lotus,sam-only(NEW),P2,FirefoxD,73,,
S7 '19,SAM,Lotus,sam-only(NEW),P3,Juan,71,,
S7 '19,SAM,Lotus,sam-only(NEW),SUB,DuduBRHue,60,,
S7 '19,SAM,Lowkey Esports,worlds,P1,caard,81,,
S7 '19,SAM,Lowkey Esports,worlds,P2,renaN,74,,
S7 '19,SAM,Lowkey Esports,worlds,P3,tander,77,,
S7 '19,SAM,Lowkey Esports,worlds,SUB,fAsi,50,,
S7 '19,SAM,Orchid,sam-only(NEW),P1,BRUNOVISQUII,72,,
S7 '19,SAM,Orchid,sam-only(NEW),P2,C4,70,,
S7 '19,SAM,Orchid,sam-only(NEW),P3,Noisy,69,,
S7 '19,SAM,Orchid,sam-only(NEW),SUB,MateusSTL,58,,
S7 '19,SAM,Team CryptiK,sam-only(NEW),P1,Szaro,71,,
S7 '19,SAM,Team CryptiK,sam-only(NEW),P2,Flasheeyy,70,,
S7 '19,SAM,Team CryptiK,sam-only(NEW),P3,Sempa,68,,
S8 '19,EU,Dignitas,worlds,P1,ViolentPanda,88,,
S8 '19,EU,Dignitas,worlds,P2,Yukeo,86,,
S8 '19,EU,Dignitas,worlds,P3,AztraL,91,,
S8 '19,EU,Dignitas,worlds,SUB,JZR,73,,
S8 '19,EU,Dignitas,worlds,COACH,Virge,83,,
S8 '19,EU,Renault Vitality,worlds,P1,Fairy Peak!,91,,
S8 '19,EU,Renault Vitality,worlds,P2,Scrub Killa,89,,
S8 '19,EU,Renault Vitality,worlds,P3,Kaydop,91,,
S8 '19,EU,Renault Vitality,worlds,SUB,Jessie,70,,
S8 '19,EU,Renault Vitality,worlds,COACH,Gregan,86,,
S8 '19,EU,Team Reciprocity,worlds,P1,Ferra,87,,
S8 '19,EU,Team Reciprocity,worlds,P2,Chausette45,90,,
S8 '19,EU,Team Reciprocity,worlds,P3,fruity,86,,
S8 '19,EU,Team Reciprocity,worlds,SUB,Neqzo,70,,
S8 '19,EU,Team Reciprocity,worlds,COACH,yumi_cheeseman,70,,
S8 '19,EU,Veloce Esports,worlds,P1,Flame,81,,
S8 '19,EU,Veloce Esports,worlds,P2,FreaKii,82,,
S8 '19,EU,Veloce Esports,worlds,P3,Kassio,84,,
S8 '19,EU,Veloce Esports,worlds,COACH,yumi_cheeseman,70,,
S8 '19,NA,eUnited,worlds,P1,hockser,82,,
S8 '19,NA,eUnited,worlds,P2,Roll Dizz,79,,
S8 '19,NA,eUnited,worlds,P3,ayjacks,78,,
S8 '19,NA,eUnited,worlds,SUB,fire,60,,
S8 '19,NA,NRG Esports,worlds,P1,GarrettG,94,,
S8 '19,NA,NRG Esports,worlds,P2,jstn.,95,,
S8 '19,NA,NRG Esports,worlds,P3,Turbopolsa,94,,
S8 '19,NA,NRG Esports,worlds,SUB,Moses,68,,
S8 '19,NA,NRG Esports,worlds,COACH,Sizz,84,,
S8 '19,NA,Pittsburgh Knights,worlds,P1,Gyro.,86,,
S8 '19,NA,Pittsburgh Knights,worlds,P2,Retals,87,,
S8 '19,NA,Pittsburgh Knights,worlds,P3,mist,88,,
S8 '19,NA,Pittsburgh Knights,worlds,SUB,Mala,64,,
S8 '19,NA,Pittsburgh Knights,worlds,COACH,Moopy,77,,
S8 '19,NA,Spacestation Gaming,worlds,P1,Arsenal,87,,
S8 '19,NA,Spacestation Gaming,worlds,P2,AxB,86,,
S8 '19,NA,Spacestation Gaming,worlds,P3,Sypical,91,,
S8 '19,NA,Spacestation Gaming,worlds,COACH,Chrome,84,,
S8 '19,OCE,Canberra Havoc,worlds,P1,Walcott,73,,
S8 '19,OCE,Canberra Havoc,worlds,P2,Le Duck,71,,
S8 '19,OCE,Canberra Havoc,worlds,P3,SPYDOGE,70,,
S8 '19,OCE,Canberra Havoc,worlds,SUB,Riv,50,,
S8 '19,OCE,Renegades,worlds,P1,Torsos,82,,
S8 '19,OCE,Renegades,worlds,P2,Kamii,81,,
S8 '19,OCE,Renegades,worlds,P3,Siki,79,,
S8 '19,OCE,Renegades,worlds,SUB,Yeatzy,60,,
S8 '19,SAM,Hawks,sam-only(NEW),P1,Lexim,71,,
S8 '19,SAM,Hawks,sam-only(NEW),P2,Gonk,70,,
S8 '19,SAM,Hawks,sam-only(NEW),P3,Sempa,69,,
S8 '19,SAM,Hawks,sam-only(NEW),SUB,Manteca,60,,
S8 '19,SAM,Hawks,sam-only(NEW),COACH,Aguesome,62,,
S8 '19,SAM,INTZ eSports,sam-only(NEW),P1,repi,74,,
S8 '19,SAM,INTZ eSports,sam-only(NEW),P2,PJ,73,,
S8 '19,SAM,INTZ eSports,sam-only(NEW),P3,Juan,72,,
S8 '19,SAM,INTZ eSports,sam-only(NEW),SUB,Sword,60,,
S8 '19,SAM,Lotus,sam-only(NEW),P1,Haberkamper,75,,
S8 '19,SAM,Lotus,sam-only(NEW),P2,renaN,75,,
S8 '19,SAM,Lotus,sam-only(NEW),P3,FirefoxD,74,,
S8 '19,SAM,Lotus,sam-only(NEW),SUB,DuduBRHue,61,,
S8 '19,SAM,Lowkey Esports,worlds,P1,caard,82,,
S8 '19,SAM,Lowkey Esports,worlds,P2,caiotg1,81,,
S8 '19,SAM,Lowkey Esports,worlds,P3,tander,78,,
S8 '19,SAM,Lowkey Esports,worlds,SUB,Firewall154,50,,
S8 '19,SAM,Lowkey Esports,worlds,COACH,Kairos,83,,
S8 '19,SAM,Monos,sam-only(NEW),P1,ajg,72,,
S8 '19,SAM,Monos,sam-only(NEW),P2,Shad,71,,
S8 '19,SAM,Monos,sam-only(NEW),P3,GaTox,69,,
S8 '19,SAM,Orchid,sam-only(NEW),P1,BRUNOVISQUII,73,,
S8 '19,SAM,Orchid,sam-only(NEW),P2,Szaro,71,,
S8 '19,SAM,Orchid,sam-only(NEW),P3,Noisy,69,,
S8 '19,SAM,Orchid,sam-only(NEW),SUB,MateusSTL,60,,
S8 '19,SAM,Oxey Team,sam-only(NEW),P1,Luk,72,,
S8 '19,SAM,Oxey Team,sam-only(NEW),P2,Reysbull,70,,
S8 '19,SAM,Oxey Team,sam-only(NEW),P3,DisLike,70,,
S8 '19,SAM,Oxey Team,sam-only(NEW),SUB,Richy,60,,
S8 '19,SAM,Oxey Team,sam-only(NEW),COACH,Androzz,60,,
S8 '19,SAM,The Three Sins,worlds,P1,math,79,,
S8 '19,SAM,The Three Sins,worlds,P2,matix,75,,
S8 '19,SAM,The Three Sins,worlds,P3,valt,73,,
S8 '19,SAM,The Three Sins,worlds,SUB,Jato,54,,
S8 '19,SAM,The Three Sins,worlds,COACH,BananaMan,58,,
S9 '20,EU,Dignitas,worlds,P1,ViolentPanda,88,,
S9 '20,EU,Dignitas,worlds,P2,Yukeo,86,,
S9 '20,EU,Dignitas,worlds,P3,AztraL,91,,
S9 '20,EU,Dignitas,worlds,SUB,JZR,73,,
S9 '20,EU,Dignitas,worlds,COACH,Virge,83,,
S9 '20,EU,FC Barcelona,worlds,P1,Deevo,86,,
S9 '20,EU,FC Barcelona,worlds,P2,Ronaky,85,,
S9 '20,EU,FC Barcelona,worlds,P3,Flakes,87,,
S9 '20,EU,FC Barcelona,worlds,COACH,El General,70,,
S9 '20,EU,mousesports,worlds,P1,kuxir97,86,,
S9 '20,EU,mousesports,worlds,P2,Speed,87,,
S9 '20,EU,mousesports,worlds,P3,Scrub Killa,88,,
S9 '20,EU,Renault Vitality,worlds,P1,Fairy Peak!,91,,
S9 '20,EU,Renault Vitality,worlds,P2,Kaydop,91,,
S9 '20,EU,Renault Vitality,worlds,P3,Alpha54,94,,
S9 '20,EU,Renault Vitality,worlds,COACH,Gregan,84,,
S9 '20,NA,G2 Esports,worlds,P1,Rizzo,87,,
S9 '20,NA,G2 Esports,worlds,P2,JKnaps,91,,
S9 '20,NA,G2 Esports,worlds,P3,Chicago,90,,
S9 '20,NA,G2 Esports,worlds,SUB,Mile,65,,
S9 '20,NA,G2 Esports,worlds,COACH,Jahzo,78,,
S9 '20,NA,Ghost Gaming,worlds,P1,Allushin,86,,
S9 '20,NA,Ghost Gaming,worlds,P2,Atomic,89,,
S9 '20,NA,Ghost Gaming,worlds,P3,mist,90,,
S9 '20,NA,NRG Esports,worlds,P1,GarrettG,94,,
S9 '20,NA,NRG Esports,worlds,P2,jstn.,95,,
S9 '20,NA,NRG Esports,worlds,P3,Turbopolsa,91,,
S9 '20,NA,NRG Esports,worlds,COACH,Sizz,84,,
S9 '20,NA,Spacestation Gaming,worlds,P1,Sypical,94,,
S9 '20,NA,Spacestation Gaming,worlds,P2,AxB,87,,
S9 '20,NA,Spacestation Gaming,worlds,P3,Arsenal,91,,
S9 '20,NA,Spacestation Gaming,worlds,COACH,Chrome,84,,
S9 '20,OCE,FURY,worlds,P1,KennySalmon,78,,
S9 '20,OCE,FURY,worlds,P2,Amphis,80,,
S9 '20,OCE,FURY,worlds,P3,Scarth,78,,
S9 '20,OCE,FURY,worlds,COACH,Jimmah,61,,
S9 '20,OCE,Ground Zero Gaming,worlds,P1,Julz,82,,
S9 '20,OCE,Ground Zero Gaming,worlds,P2,Express,81,,
S9 '20,OCE,Ground Zero Gaming,worlds,P3,Decka,84,,
S9 '20,SAM,Avidity Esports,worlds,P1,Haberkamper,79,,
S9 '20,SAM,Avidity Esports,worlds,P2,FirefoxD,78,,
S9 '20,SAM,Avidity Esports,worlds,P3,renaN,78,,
S9 '20,SAM,Ellevens Esports,worlds,P1,caard,84,,
S9 '20,SAM,Ellevens Esports,worlds,P2,caiotg1,83,,
S9 '20,SAM,Ellevens Esports,worlds,P3,tander,81,,
S9 '20,SAM,Most Wanted,sam-only(NEW),P1,math,78,,
S9 '20,SAM,Most Wanted,sam-only(NEW),P2,fAsi,76,,
S9 '20,SAM,Most Wanted,sam-only(NEW),P3,Luk,74,,
S9 '20,SAM,Most Wanted,sam-only(NEW),SUB,ianpinheiro,66,,
S9 '20,SAM,Poison Bullets,sam-only(NEW),P1,repi,74,,
S9 '20,SAM,Poison Bullets,sam-only(NEW),P2,droppz,72,,
S9 '20,SAM,Poison Bullets,sam-only(NEW),P3,Juan,71,,
S9 '20,SAM,Poison Bullets,sam-only(NEW),SUB,Zanetti,62,,
S9 '20,SAM,Poison Bullets,sam-only(NEW),COACH,Majowww,60,,
S9 '20,SAM,Sapphire,sam-only(NEW),P1,BRUNOVISQUII,74,,
S9 '20,SAM,Sapphire,sam-only(NEW),P2,Sword,70,,
S9 '20,SAM,Sapphire,sam-only(NEW),P3,SppydeR,69,,
S9 '20,SAM,Sapphire,sam-only(NEW),SUB,SubHallz,60,,
S9 '20,SAM,Sapphire,sam-only(NEW),COACH,MateusSTL,62,,
S9 '20,SAM,The Three Sins,sam-only(NEW),P1,matix,75,,
S9 '20,SAM,The Three Sins,sam-only(NEW),P2,PJ,74,,
S9 '20,SAM,The Three Sins,sam-only(NEW),P3,valt,73,,
S9 '20,SAM,The Three Sins,sam-only(NEW),SUB,Brad,70,,
S9 '20,SAM,The Three Sins,sam-only(NEW),COACH,Cha0s,64,,
S9 '20,SAM,Three Point Shooters,sam-only(NEW),P1,ajg,76,,
S9 '20,SAM,Three Point Shooters,sam-only(NEW),P2,pan,72,,
S9 '20,SAM,Three Point Shooters,sam-only(NEW),P3,Gonk,71,,
S9 '20,SAM,Three Point Shooters,sam-only(NEW),SUB,SrNaniTou,58,,
S9 '20,SAM,Three Point Shooters,sam-only(NEW),COACH,Laayoh,60,,
S9 '20,SAM,True Neutral,sam-only(NEW),P1,Reysbull,75,,
S9 '20,SAM,True Neutral,sam-only(NEW),P2,Shad,74,,
S9 '20,SAM,True Neutral,sam-only(NEW),P3,Lexim,73,,
S9 '20,SAM,True Neutral,sam-only(NEW),SUB,Manteca,62,,
S9 '20,SAM,True Neutral,sam-only(NEW),COACH,Aguesome,65,,
X '20-21,EU,Guild Esports,worlds,P1,ThO.,82,,
X '20-21,EU,Guild Esports,worlds,P2,Noly,85,,
X '20-21,EU,Guild Esports,worlds,P3,Deevo,81,,
X '20-21,EU,Solary,worlds,P1,AztraL,87,,
X '20-21,EU,Solary,worlds,P2,Chausette45,84,,
X '20-21,EU,Solary,worlds,P3,Ferra,80,,
X '20-21,EU,Team BDS,worlds,P1,M0nkey M00n,94,,
X '20-21,EU,Team BDS,worlds,P2,Extra,91,,
X '20-21,EU,Team BDS,worlds,P3,MaRc_By_8,90,,
X '20-21,EU,Team BDS,worlds,COACH,Kael,83,,
X '20-21,EU,Team Queso,worlds,P1,AtomiK,82,,
X '20-21,EU,Team Queso,worlds,P2,DmentZa,81,,
X '20-21,EU,Team Queso,worlds,P3,VKSailen,80,,
X '20-21,EU,Team Vitality,worlds,P1,Kaydop,87,,
X '20-21,EU,Team Vitality,worlds,P2,Fairy Peak!,87,,
X '20-21,EU,Team Vitality,worlds,P3,Alpha54,90,,
X '20-21,EU,Team Vitality,worlds,COACH,Mout,78,,
X '20-21,EU,Top Blokes,worlds,P1,archie,87,,
X '20-21,EU,Top Blokes,worlds,P2,Kassio,83,,
X '20-21,EU,Top Blokes,worlds,P3,Flame,82,,
X '20-21,NA,FaZe Clan,worlds,P1,AYYJAYY,87,,
X '20-21,NA,FaZe Clan,worlds,P2,Gyro.,82,,
X '20-21,NA,FaZe Clan,worlds,P3,Allushin,81,,
X '20-21,NA,FaZe Clan,worlds,COACH,Moopy,72,,
X '20-21,NA,G2 Esports,worlds,P1,JKnaps,87,,
X '20-21,NA,G2 Esports,worlds,P2,Chicago,87,,
X '20-21,NA,G2 Esports,worlds,P3,dreaz,80,,
X '20-21,NA,G2 Esports,worlds,COACH,Jahzo,79,,
X '20-21,NA,NRG Esports,worlds,P1,GarrettG,89,,
X '20-21,NA,NRG Esports,worlds,P2,jstn.,91,,
X '20-21,NA,NRG Esports,worlds,P3,SquishyMuffinz,88,,
X '20-21,NA,NRG Esports,worlds,COACH,Sizz,84,,
X '20-21,NA,Rogue,worlds,P1,Firstkiller,91,,
X '20-21,NA,Rogue,worlds,P2,Turinturo,82,,
X '20-21,NA,Rogue,worlds,P3,Taroco,82,,
X '20-21,NA,Rogue,worlds,COACH,CorruptedG,76,,
X '20-21,NA,Spacestation Gaming,worlds,P1,Arsenal,87,,
X '20-21,NA,Spacestation Gaming,worlds,P2,Retals,87,,
X '20-21,NA,Spacestation Gaming,worlds,P3,Sypical,89,,
X '20-21,NA,Spacestation Gaming,worlds,COACH,Chrome,84,,
X '20-21,NA,Team Envy,worlds,P1,Turbopolsa,87,,
X '20-21,NA,Team Envy,worlds,P2,mist,88,,
X '20-21,NA,Team Envy,worlds,P3,Atomic,88,,
X '20-21,OCE,Cringe Society,worlds,P1,Drippay,82,,
X '20-21,OCE,Cringe Society,worlds,P2,Decka,82,,
X '20-21,OCE,Cringe Society,worlds,P3,Julz,80,,
X '20-21,OCE,Ground Zero Gaming,worlds,P1,Amphis,84,,
X '20-21,OCE,Ground Zero Gaming,worlds,P2,Torsos,83,,
X '20-21,OCE,Ground Zero Gaming,worlds,P3,Express,82,,
X '20-21,SAM,Carnage Gaming,sam-only(NEW),P1,fAsi,77,,
X '20-21,SAM,Carnage Gaming,sam-only(NEW),P2,ianpinheiro,73,,
X '20-21,SAM,Carnage Gaming,sam-only(NEW),P3,Chr1s,72,,
X '20-21,SAM,Chromax,sam-only(NEW),P1,brad,76,,
X '20-21,SAM,Chromax,sam-only(NEW),P2,droppz,76,,
X '20-21,SAM,Chromax,sam-only(NEW),P3,repi,75,,
X '20-21,SAM,Chromax,sam-only(NEW),SUB,Zanetti,63,,
X '20-21,SAM,FURIA,worlds,P1,caard,83,,
X '20-21,SAM,FURIA,worlds,P2,caiotg1,82,,
X '20-21,SAM,FURIA,worlds,P3,tander,81,,
X '20-21,SAM,FURIA,worlds,SUB,STL,74,,
X '20-21,SAM,FURIA,worlds,COACH,STL,81,,
X '20-21,SAM,Noble esports,sam-only(NEW),P1,Haberkamper,78,,
X '20-21,SAM,Noble esports,sam-only(NEW),P2,renaN,77,,
X '20-21,SAM,Noble esports,sam-only(NEW),P3,FirefoxD,76,,
X '20-21,SAM,Noble esports,sam-only(NEW),SUB,Firewall154,62,,
X '20-21,SAM,Noble esports,sam-only(NEW),COACH,Jato,62,,
X '20-21,SAM,Nocturns Gaming,sam-only(NEW),P1,Szaro,74,,
X '20-21,SAM,Nocturns Gaming,sam-only(NEW),P2,TaTu,73,,
X '20-21,SAM,Nocturns Gaming,sam-only(NEW),P3,pan,73,,
X '20-21,SAM,Nocturns Gaming,sam-only(NEW),SUB,Gonk,70,,
X '20-21,SAM,Nocturns Gaming,sam-only(NEW),COACH,Nachusky,60,,
X '20-21,SAM,Rebel,sam-only(NEW),P1,yanxnz,84,,
X '20-21,SAM,Rebel,sam-only(NEW),P2,Aztromick,79,,
X '20-21,SAM,Rebel,sam-only(NEW),P3,snipjz,76,,
X '20-21,SAM,Rebel,sam-only(NEW),COACH,Bliss,65,,
X '20-21,SAM,The Three Sins,sam-only(NEW),P1,matix,77,,
X '20-21,SAM,The Three Sins,sam-only(NEW),P2,PJ,76,,
X '20-21,SAM,The Three Sins,sam-only(NEW),P3,valt,75,,
X '20-21,SAM,True Neutral,worlds,P1,ajg,85,,
X '20-21,SAM,True Neutral,worlds,P2,Reysbull,84,,
X '20-21,SAM,True Neutral,worlds,P3,Shad,83,,
X '20-21,SAM,True Neutral,worlds,SUB,Aguesome,71,,
X '20-21,SAM,True Neutral,worlds,COACH,Aguesome,71,,
'21-22,APAC,Gaimin Gladiators,worlds,P1,Maxeew,74,,
'21-22,APAC,Gaimin Gladiators,worlds,P2,LCT,68,,
'21-22,APAC,Gaimin Gladiators,worlds,P3,Commutator,73,,
'21-22,APAC,Senbei Strikers,worlds,P1,ReaLize,79,,
'21-22,APAC,Senbei Strikers,worlds,P2,Tenhow,73,,
'21-22,APAC,Senbei Strikers,worlds,P3,sigms,70,,
'21-22,EU,Dignitas,worlds,P1,ApparentlyJack,88,,
'21-22,EU,Dignitas,worlds,P2,Joreuz,89,,
'21-22,EU,Dignitas,worlds,P3,Scrub Killa,86,,
'21-22,EU,Endpoint CeX,worlds,P1,RelatingWave,82,,
'21-22,EU,Endpoint CeX,worlds,P2,Metsanauris,80,,
'21-22,EU,Endpoint CeX,worlds,P3,archie,87,,
'21-22,EU,Endpoint CeX,worlds,COACH,Eclipse,75,,
'21-22,EU,Karmine Corp,worlds,P1,AztraL,89,,
'21-22,EU,Karmine Corp,worlds,P2,Itachi,87,,
'21-22,EU,Karmine Corp,worlds,P3,Noly,86,,
'21-22,EU,Karmine Corp,worlds,COACH,Eversax,84,,
'21-22,EU,Moist Esports,worlds,P1,Joyo,93,,
'21-22,EU,Moist Esports,worlds,P2,rise.,93,,
'21-22,EU,Moist Esports,worlds,P3,Vatira,95,,
'21-22,EU,Moist Esports,worlds,COACH,n0ah,84,,
'21-22,EU,SMPR Esports,worlds,P1,Kassio,82,,
'21-22,EU,SMPR Esports,worlds,P2,Chausette45,82,,
'21-22,EU,SMPR Esports,worlds,P3,ExoTiiK,86,,
'21-22,EU,Team BDS,worlds,P1,M0nkey M00n,96,,
'21-22,EU,Team BDS,worlds,P2,Extra,92,,
'21-22,EU,Team BDS,worlds,P3,Seikoo,95,,
'21-22,EU,Team BDS,worlds,COACH,Mew,88,,
'21-22,MENA,01 Esports,worlds,P1,Zez0nix,78,,
'21-22,MENA,01 Esports,worlds,P2,ams.,78,,
'21-22,MENA,01 Esports,worlds,P3,M7sn,79,,
'21-22,MENA,Team Falcons,worlds,P1,Ahmad,88,,
'21-22,MENA,Team Falcons,worlds,P2,oKhaliD,87,,
'21-22,MENA,Team Falcons,worlds,P3,trk511,89,,
'21-22,MENA,Team Falcons,worlds,COACH,d7oom-24,83,,
'21-22,MENA,Veloce Esports,worlds,P1,SMW,80,,
'21-22,MENA,Veloce Esports,worlds,P2,Senzo,78,,
'21-22,MENA,Veloce Esports,worlds,P3,Twiz,79,,
'21-22,NA,FaZe Clan,worlds,P1,Firstkiller,91,,
'21-22,NA,FaZe Clan,worlds,P2,AYYJAYY,88,,
'21-22,NA,FaZe Clan,worlds,P3,Sypical,87,,
'21-22,NA,FaZe Clan,worlds,COACH,Roll Dizz,78,,
'21-22,NA,G2 Esports,worlds,P1,JKnaps,88,,
'21-22,NA,G2 Esports,worlds,P2,Chicago,87,,
'21-22,NA,G2 Esports,worlds,P3,Atomic,90,,
'21-22,NA,G2 Esports,worlds,COACH,Satthew,84,,
'21-22,NA,NRG Esports,worlds,P1,GarrettG,87,,
'21-22,NA,NRG Esports,worlds,P2,jstn.,90,,
'21-22,NA,NRG Esports,worlds,P3,SquishyMuffinz,87,,
'21-22,NA,NRG Esports,worlds,COACH,Sizz,84,,
'21-22,NA,OpTic Gaming,worlds,P1,mist,86,,
'21-22,NA,OpTic Gaming,worlds,P2,dreaz,81,,
'21-22,NA,OpTic Gaming,worlds,P3,Allushin,79,,
'21-22,NA,OpTic Gaming,worlds,COACH,RawGreg,76,,
'21-22,NA,Spacestation Gaming,worlds,P1,Arsenal,86,,
'21-22,NA,Spacestation Gaming,worlds,P2,Retals,85,,
'21-22,NA,Spacestation Gaming,worlds,P3,Daniel,89,,
'21-22,NA,Spacestation Gaming,worlds,COACH,Chrome,82,,
'21-22,NA,Version1,worlds,P1,Torment,84,,
'21-22,NA,Version1,worlds,P2,Comm,86,,
'21-22,NA,Version1,worlds,P3,BeastMode,90,,
'21-22,NA,Version1,worlds,COACH,Fireburner,82,,
'21-22,OCE,Pioneers,worlds,P1,Scrub,79,,
'21-22,OCE,Pioneers,worlds,P2,Superlachie,82,,
'21-22,OCE,Pioneers,worlds,P3,bananahead,81,,
'21-22,OCE,Renegades,worlds,P1,CJCJ,80,,
'21-22,OCE,Renegades,worlds,P2,Kamii,82,,
'21-22,OCE,Renegades,worlds,P3,Fever,84,,
'21-22,SAM,Elevate,sam-only(NEW),P1,droppz,78,,
'21-22,SAM,Elevate,sam-only(NEW),P2,Luk,76,,
'21-22,SAM,Elevate,sam-only(NEW),P3,snipjz,76,,
'21-22,SAM,Elevate,sam-only(NEW),SUB,kixou,62,,
'21-22,SAM,Elevate,sam-only(NEW),COACH,xoz1N,60,,
'21-22,SAM,EndGame,sam-only(NEW),P1,bmendesantos,74,,
'21-22,SAM,EndGame,sam-only(NEW),P2,Wells,73,,
'21-22,SAM,EndGame,sam-only(NEW),P3,ianpinheiro,73,,
'21-22,SAM,EndGame,sam-only(NEW),COACH,FARz,62,,
'21-22,SAM,FURIA,worlds,P1,caard,83,,
'21-22,SAM,FURIA,worlds,P2,caiotg1,82,,
'21-22,SAM,FURIA,worlds,P3,yanxnz,88,,
'21-22,SAM,FURIA,worlds,SUB,STL,71,,
'21-22,SAM,FURIA,worlds,COACH,Kairos,77,,
'21-22,SAM,Hawks,sam-only(NEW),P1,repi,75,,
'21-22,SAM,Hawks,sam-only(NEW),P2,yanD,73,,
'21-22,SAM,Hawks,sam-only(NEW),P3,KnS,73,,
'21-22,SAM,Hawks,sam-only(NEW),SUB,Waantz,62,,
'21-22,SAM,Hawks,sam-only(NEW),COACH,Pedrokanicastro,62,,
'21-22,SAM,KRÜ Esports,sam-only(NEW),P1,drufinho,81,,
'21-22,SAM,KRÜ Esports,sam-only(NEW),P2,Bemmz,77,,
'21-22,SAM,KRÜ Esports,sam-only(NEW),P3,pan,75,,
'21-22,SAM,KRÜ Esports,sam-only(NEW),SUB,GaTox,65,,
'21-22,SAM,KRÜ Esports,sam-only(NEW),COACH,pekitas,76,,
'21-22,SAM,Leviatán,sam-only(NEW),P1,aguz,75,,
'21-22,SAM,Leviatán,sam-only(NEW),P2,Lexim,74,,
'21-22,SAM,Leviatán,sam-only(NEW),P3,UmBroken,74,,
'21-22,SAM,Leviatán,sam-only(NEW),COACH,Stolen,62,,
'21-22,SAM,Team Secret,worlds,P1,Sadness,79,,
'21-22,SAM,Team Secret,worlds,P2,nxghtt,78,,
'21-22,SAM,Team Secret,worlds,P3,math,80,,
'21-22,SAM,The Club,worlds,P1,Aztromick,79,,
'21-22,SAM,The Club,worlds,P2,kv1,79,,
'21-22,SAM,The Club,worlds,P3,Lostt,80,,
'21-22,SAM,The Club,worlds,SUB,fAsi,70,,
'21-22,SAM,The Club,worlds,COACH,Michi,71,,
'21-22,SSA,Bravado Gaming,worlds,P1,2Die4,66,,
'21-22,SSA,Bravado Gaming,worlds,P2,Daisy,66,,
'21-22,SSA,Bravado Gaming,worlds,P3,Happymeal,66,,
'21-22,SSA,Orlando Pirates Exdee,worlds,P1,Snowyy,66,,
'21-22,SSA,Orlando Pirates Exdee,worlds,P2,Darth,66,,
'21-22,SSA,Orlando Pirates Exdee,worlds,P3,SkillSteal,66,,
'22-23,APAC,Elevate,worlds,P1,ReaLize,80,,
'22-23,APAC,Elevate,worlds,P2,virtuoso,76,,
'22-23,APAC,Elevate,worlds,P3,Kamii,80,,
'22-23,APAC,Gaimin Gladiators,worlds,P1,Maxeew,76,,
'22-23,APAC,Gaimin Gladiators,worlds,P2,LCT,75,,
'22-23,APAC,Gaimin Gladiators,worlds,P3,OSM,75,,
'22-23,EU,G1,worlds,P1,AtomiK,84,,
'22-23,EU,G1,worlds,P2,dorito,83,,
'22-23,EU,G1,worlds,P3,oaly.,83,,
'22-23,EU,Karmine Corp,worlds,P1,Vatira,95,,
'22-23,EU,Karmine Corp,worlds,P2,Itachi,91,,
'22-23,EU,Karmine Corp,worlds,P3,ExoTiiK,92,,
'22-23,EU,Karmine Corp,worlds,COACH,Eversax,86,,
'22-23,EU,Moist Esports,worlds,P1,Joyo,89,,
'22-23,EU,Moist Esports,worlds,P2,Kash,87,,
'22-23,EU,Moist Esports,worlds,P3,juicy,85,,
'22-23,EU,Oxygen Esports,worlds,P1,archie,87,,
'22-23,EU,Oxygen Esports,worlds,P2,Joreuz,87,,
'22-23,EU,Oxygen Esports,worlds,P3,eekso,83,,
'22-23,EU,Oxygen Esports,worlds,SUB,Gawfs,60,,
'22-23,EU,Team BDS,worlds,P1,M0nkey M00n,94,,
'22-23,EU,Team BDS,worlds,P2,Seikoo,90,,
'22-23,EU,Team BDS,worlds,P3,rise.,93,,
'22-23,EU,Team BDS,worlds,SUB,Extra,81,,
'22-23,EU,Team BDS,worlds,COACH,Mew,86,,
'22-23,EU,Team Liquid,worlds,P1,AcroniK.,88,,
'22-23,EU,Team Liquid,worlds,P2,Atow.,92,,
'22-23,EU,Team Liquid,worlds,P3,Oski,91,,
'22-23,EU,Team Vitality,worlds,P1,zen,98,,
'22-23,EU,Team Vitality,worlds,P2,Alpha54,92,,
'22-23,EU,Team Vitality,worlds,P3,Radosin,90,,
'22-23,EU,Team Vitality,worlds,SUB,saizen,78,,
'22-23,EU,Team Vitality,worlds,COACH,Ferra,90,,
'22-23,MENA,Rule One,worlds,P1,Rw9,91,,
'22-23,MENA,Rule One,worlds,P2,Kiileerrz,90,,
'22-23,MENA,Rule One,worlds,P3,M7sn,86,,
'22-23,MENA,Team Falcons,worlds,P1,Ahmad,87,,
'22-23,MENA,Team Falcons,worlds,P2,oKhaliD,86,,
'22-23,MENA,Team Falcons,worlds,P3,trk511,88,,
'22-23,MENA,Team Falcons,worlds,COACH,d7oom-24,81,,
'22-23,MENA,Twisted Minds,worlds,P1,SMW,82,,
'22-23,MENA,Twisted Minds,worlds,P2,Venom,81,,
'22-23,MENA,Twisted Minds,worlds,P3,Senzo,80,,
'22-23,NA,Complexity Gaming,worlds,P1,crr,87,,
'22-23,NA,Complexity Gaming,worlds,P2,Reysbull,86,,
'22-23,NA,Complexity Gaming,worlds,P3,ajg,84,,
'22-23,NA,Complexity Gaming,worlds,COACH,Aguesome,79,,
'22-23,NA,FaZe Clan,worlds,P1,Firstkiller,91,,
'22-23,NA,FaZe Clan,worlds,P2,mist,88,,
'22-23,NA,FaZe Clan,worlds,P3,Sypical,87,,
'22-23,NA,FaZe Clan,worlds,COACH,Roll Dizz,78,,
'22-23,NA,G2 Esports,worlds,P1,JKnaps,87,,
'22-23,NA,G2 Esports,worlds,P2,Chicago,86,,
'22-23,NA,G2 Esports,worlds,P3,Atomic,88,,
'22-23,NA,G2 Esports,worlds,COACH,Satthew,84,,
'22-23,NA,Gen.G Mobil1 Racing,worlds,P1,ApparentlyJack,90,,
'22-23,NA,Gen.G Mobil1 Racing,worlds,P2,Noly,88,,
'22-23,NA,Gen.G Mobil1 Racing,worlds,P3,Chronic,89,,
'22-23,NA,Gen.G Mobil1 Racing,worlds,COACH,Allushin,83,,
'22-23,NA,Spacestation Gaming,worlds,P1,Arsenal,84,,
'22-23,NA,Spacestation Gaming,worlds,P2,Lj.,87,,
'22-23,NA,Spacestation Gaming,worlds,P3,hockser,82,,
'22-23,NA,Spacestation Gaming,worlds,COACH,Chrome,80,,
'22-23,OCE,Pioneers,worlds,P1,Scrub,78,,
'22-23,OCE,Pioneers,worlds,P2,bananahead,84,,
'22-23,OCE,Pioneers,worlds,P3,hntr,80,,
'22-23,OCE,PWR,worlds,P1,Amphis,84,,
'22-23,OCE,PWR,worlds,P2,Torsos,83,,
'22-23,OCE,PWR,worlds,P3,Fever,85,,
'22-23,SAM,Blazar,sam-only(NEW),P1,PJ,74,,
'22-23,SAM,Blazar,sam-only(NEW),P2,Darxtz,73,,
'22-23,SAM,Blazar,sam-only(NEW),P3,twistt,73,,
'22-23,SAM,Blazar,sam-only(NEW),COACH,Luc,62,,
'22-23,SAM,EndGame,sam-only(NEW),P1,Luk,76,,
'22-23,SAM,EndGame,sam-only(NEW),P2,Wells,74,,
'22-23,SAM,EndGame,sam-only(NEW),P3,seck,73,,
'22-23,SAM,EndGame,sam-only(NEW),SUB,lag0,64,,
'22-23,SAM,EndGame,sam-only(NEW),COACH,FARz,63,,
'22-23,SAM,eRa,sam-only(NEW),P1,pan,76,,
'22-23,SAM,eRa,sam-only(NEW),P2,UmBroken,75,,
'22-23,SAM,eRa,sam-only(NEW),P3,ianpinheiro,74,,
'22-23,SAM,eRa,sam-only(NEW),COACH,groval,62,,
'22-23,SAM,Exeed,sam-only(NEW),P1,Davitrox,77,,
'22-23,SAM,Exeed,sam-only(NEW),P2,KnS,76,,
'22-23,SAM,Exeed,sam-only(NEW),P3,klaus,75,,
'22-23,SAM,Exeed,sam-only(NEW),SUB,baait,64,,
'22-23,SAM,Exeed,sam-only(NEW),COACH,Pedrokanicastro,63,,
'22-23,SAM,KRÜ Esports,worlds,P1,brad,80,,
'22-23,SAM,KRÜ Esports,worlds,P2,droppz,81,,
'22-23,SAM,KRÜ Esports,worlds,P3,drufinho,85,,
'22-23,SAM,Ninjas in Pyjamas,worlds,P1,Aztromick,81,,
'22-23,SAM,Ninjas in Pyjamas,worlds,P2,Bemmz,80,,
'22-23,SAM,Ninjas in Pyjamas,worlds,P3,Motta,82,,
'22-23,SAM,Ruby,sam-only(NEW),P1,alpe,74,,
'22-23,SAM,Ruby,sam-only(NEW),P2,davinsano,73,,
'22-23,SAM,Ruby,sam-only(NEW),P3,LeoDkn,73,,
'22-23,SAM,Ruby,sam-only(NEW),COACH,Stolen,63,,
'22-23,SAM,Team Secret,worlds,P1,Sadness,83,,
'22-23,SAM,Team Secret,worlds,P2,kv1,84,,
'22-23,SAM,Team Secret,worlds,P3,nxghtt,82,,
'22-23,SSA,Limitless,worlds,P1,2Die4,73,,
'22-23,SSA,Limitless,worlds,P2,Snowyy,71,,
'22-23,SSA,Limitless,worlds,P3,Darth,71,,
'22-23,SSA,Limitless,worlds,COACH,Noxes,67,,
'22-23,SSA,Valiant,worlds,P1,Werty,66,,
'22-23,SSA,Valiant,worlds,P2,Wiiilooo,66,,
'22-23,SSA,Valiant,worlds,P3,Sweaty,66,,
'24,APAC,Gaimin Gladiators,worlds,P1,Maxeew,79,,
'24,APAC,Gaimin Gladiators,worlds,P2,ThO.,78,,
'24,APAC,Gaimin Gladiators,worlds,P3,virtuoso,79,,
'24,EU,Gentle Mates Alpine,worlds,P1,Seikoo,91,,
'24,EU,Gentle Mates Alpine,worlds,P2,Itachi,89,,
'24,EU,Gentle Mates Alpine,worlds,P3,juicy,88,,
'24,EU,Gentle Mates Alpine,worlds,COACH,Eversax,86,,
'24,EU,Karmine Corp,worlds,P1,Vatira,94,,
'24,EU,Karmine Corp,worlds,P2,Atow.,93,,
'24,EU,Karmine Corp,worlds,P3,rise.,92,,
'24,EU,Karmine Corp,worlds,COACH,Ferra,88,,
'24,EU,Oxygen Esports,worlds,P1,archie,86,,
'24,EU,Oxygen Esports,worlds,P2,Oski,88,,
'24,EU,Oxygen Esports,worlds,P3,Joyo,88,,
'24,EU,Oxygen Esports,worlds,COACH,Snaski,78,,
'24,EU,Team BDS,worlds,P1,M0nkey M00n,96,,
'24,EU,Team BDS,worlds,P2,ExoTiiK,93,,
'24,EU,Team BDS,worlds,P3,dralii,94,,
'24,EU,Team BDS,worlds,COACH,Kassio,86,,
'24,EU,Team Vitality,worlds,P1,zen,92,,
'24,EU,Team Vitality,worlds,P2,Alpha54,88,,
'24,EU,Team Vitality,worlds,P3,Radosin,87,,
'24,MENA,Team Falcons,worlds,P1,trk511,92,,
'24,MENA,Team Falcons,worlds,P2,Kiileerrz,93,,
'24,MENA,Team Falcons,worlds,P3,Rw9,93,,
'24,MENA,Team Falcons,worlds,COACH,d7oom-24,83,,
'24,NA,G2 Stride,worlds,P1,BeastMode,94,,
'24,NA,G2 Stride,worlds,P2,Atomic,94,,
'24,NA,G2 Stride,worlds,P3,Daniel,95,,
'24,NA,G2 Stride,worlds,SUB,dreaz,73,,
'24,NA,G2 Stride,worlds,COACH,Satthew,89,,
'24,NA,Gen.G Mobil1 Racing,worlds,P1,ApparentlyJack,87,,
'24,NA,Gen.G Mobil1 Racing,worlds,P2,Chronic,87,,
'24,NA,Gen.G Mobil1 Racing,worlds,P3,Firstkiller,91,,
'24,NA,Gen.G Mobil1 Racing,worlds,COACH,RawGreg,81,,
'24,NA,OG,worlds,P1,JKnaps,84,,
'24,NA,OG,worlds,P2,Noly,84,,
'24,NA,OG,worlds,P3,Comm,85,,
'24,NA,Spacestation Gaming,worlds,P1,Lj.,88,,
'24,NA,Spacestation Gaming,worlds,P2,Chicago,84,,
'24,NA,Spacestation Gaming,worlds,P3,hockser,83,,
'24,NA,Spacestation Gaming,worlds,COACH,Chrome,80,,
'24,OCE,PWR,worlds,P1,Torsos,84,,
'24,OCE,PWR,worlds,P2,Fever,86,,
'24,OCE,PWR,worlds,P3,bananahead,85,,
'24,OCE,QuikTrip Pioneers Gaming,worlds,P1,Superlachie,83,,
'24,OCE,QuikTrip Pioneers Gaming,worlds,P2,Amphis,84,,
'24,OCE,QuikTrip Pioneers Gaming,worlds,P3,Fibérr,82,,
'24,SAM,Bodybuilders,sam-only(NEW),P1,caiotg1,82,,
'24,SAM,Bodybuilders,sam-only(NEW),P2,yanD,74,,
'24,SAM,Bodybuilders,sam-only(NEW),P3,Dappluto,73,,
'24,SAM,Bodybuilders,sam-only(NEW),COACH,FARz,64,,
'24,SAM,Complexity Gaming,sam-only(NEW),P1,Reysbull,84,,
'24,SAM,Complexity Gaming,sam-only(NEW),P2,crr,81,,
'24,SAM,Complexity Gaming,sam-only(NEW),P3,dorito,79,,
'24,SAM,Complexity Gaming,sam-only(NEW),COACH,Aguesome,66,,
'24,SAM,FURIA,worlds,P1,yanxnz,91,,
'24,SAM,FURIA,worlds,P2,Lostt,88,,
'24,SAM,FURIA,worlds,P3,drufinho,86,,
'24,SAM,FURIA,worlds,COACH,BRUNOVISQUII,81,,
'24,SAM,GamerLegion,sam-only(NEW),P1,pan,78,,
'24,SAM,GamerLegion,sam-only(NEW),P2,UmBroken,76,,
'24,SAM,GamerLegion,sam-only(NEW),P3,ianpinheiro,75,,
'24,SAM,KRÜ Esports,sam-only(NEW),P1,caard,82,,
'24,SAM,KRÜ Esports,sam-only(NEW),P2,ajg,80,,
'24,SAM,KRÜ Esports,sam-only(NEW),P3,Bemmz,80,,
'24,SAM,KRÜ Esports,sam-only(NEW),SUB,wisty,78,,
'24,SAM,KRÜ Esports,sam-only(NEW),COACH,pekitas,78,,
'24,SAM,Ninjas in Pyjamas,sam-only(NEW),P1,swiftt,84,,
'24,SAM,Ninjas in Pyjamas,sam-only(NEW),P2,Aztromick,82,,
'24,SAM,Ninjas in Pyjamas,sam-only(NEW),P3,nxghtt,82,,
'24,SAM,Ninjas in Pyjamas,sam-only(NEW),COACH,fAsi,66,,
'24,SAM,Team Secret,worlds,P1,kv1,84,,
'24,SAM,Team Secret,worlds,P2,Motta,83,,
'24,SAM,Team Secret,worlds,P3,brad,82,,
'24,SAM,w7m esports,sam-only(NEW),P1,caiotg1,82,,
'24,SAM,w7m esports,sam-only(NEW),P2,Royales,79,,
'24,SAM,w7m esports,sam-only(NEW),P3,pan,78,,
'24,SAM,w7m esports,sam-only(NEW),COACH,tander,78,,
'24,SSA,Limitless,worlds,P1,2Die4,75,,
'24,SSA,Limitless,worlds,P2,Snowyy,73,,
'24,SSA,Limitless,worlds,P3,Sweaty,73,,
'24,SSA,Limitless,worlds,COACH,Noxes,69,,
'25,APAC,Virtus.pro,worlds,P1,Catalysm,80,,
'25,APAC,Virtus.pro,worlds,P2,sosa,80,,
'25,APAC,Virtus.pro,worlds,P3,Sphinx,81,,
'25,EU,Dignitas,worlds,P1,Stizzy,86,,
'25,EU,Dignitas,worlds,P2,ApparentlyJack,87,,
'25,EU,Dignitas,worlds,P3,Joreuz,87,,
'25,EU,Dignitas,worlds,COACH,Eclipse,78,,
'25,EU,Geekay Esports,worlds,P1,archie,86,,
'25,EU,Geekay Esports,worlds,P2,Joyo,88,,
'25,EU,Geekay Esports,worlds,P3,oaly.,84,,
'25,EU,Karmine Corp,worlds,P1,Vatira,95,,
'25,EU,Karmine Corp,worlds,P2,Atow.,94,,
'25,EU,Karmine Corp,worlds,P3,dralii,94,,
'25,EU,Karmine Corp,worlds,COACH,Eversax,87,,
'25,EU,Ninjas in Pyjamas,worlds,P1,nass,82,,
'25,EU,Ninjas in Pyjamas,worlds,P2,Oski,85,,
'25,EU,Ninjas in Pyjamas,worlds,P3,Radosin,86,,
'25,EU,Team Vitality,worlds,P1,zen,97,,
'25,EU,Team Vitality,worlds,P2,M0nkey M00n,95,,
'25,EU,Team Vitality,worlds,P3,ExoTiiK,93,,
'25,EU,Team Vitality,worlds,COACH,Hugo,81,,
'25,MENA,ROC Esports,worlds,P1,Twiz,82,,
'25,MENA,ROC Esports,worlds,P2,Abdullah,83,,
'25,MENA,ROC Esports,worlds,P3,Ghaazi0,83,,
'25,MENA,Team Falcons,worlds,P1,trk511,92,,
'25,MENA,Team Falcons,worlds,P2,Rw9,93,,
'25,MENA,Team Falcons,worlds,P3,Kiileerrz,93,,
'25,MENA,Team Falcons,worlds,COACH,d7oom-24,83,,
'25,MENA,Twisted Minds,worlds,P1,Nwpo,94,,
'25,MENA,Twisted Minds,worlds,P2,rise.,88,,
'25,MENA,Twisted Minds,worlds,P3,AtomiK,85,,
'25,MENA,Twisted Minds,worlds,SUB,Hisoka,70,,
'25,NA,Gen.G Mobil1 Racing,worlds,P1,MaJicBear,84,,
'25,NA,Gen.G Mobil1 Racing,worlds,P2,CHEESE.,86,,
'25,NA,Gen.G Mobil1 Racing,worlds,P3,jstn.,87,,
'25,NA,Gen.G Mobil1 Racing,worlds,SUB,Thundah,72,,
'25,NA,Gen.G Mobil1 Racing,worlds,COACH,RawGreg,78,,
'25,NA,NRG Esports,worlds,P1,BeastMode,94,,
'25,NA,NRG Esports,worlds,P2,Atomic,94,,
'25,NA,NRG Esports,worlds,P3,Daniel,94,,
'25,NA,NRG Esports,worlds,COACH,Satthew,90,,
'25,NA,Shopify Rebellion,worlds,P1,2Piece,82,,
'25,NA,Shopify Rebellion,worlds,P2,Retals,81,,
'25,NA,Shopify Rebellion,worlds,P3,Wahvey,84,,
'25,NA,Shopify Rebellion,worlds,COACH,Memory,76,,
'25,NA,Spacestation Gaming,worlds,P1,Scrzbbles,84,,
'25,NA,Spacestation Gaming,worlds,P2,reveal,86,,
'25,NA,Spacestation Gaming,worlds,P3,kofyr,85,,
'25,NA,Spacestation Gaming,worlds,COACH,Xpére,77,,
'25,NA,The Ultimates,worlds,P1,Firstkiller,91,,
'25,NA,The Ultimates,worlds,P2,Lj.,89,,
'25,NA,The Ultimates,worlds,P3,Chronic,88,,
'25,OCE,TSM,worlds,P1,Superlachie,84,,
'25,OCE,TSM,worlds,P2,Amphis,84,,
'25,OCE,TSM,worlds,P3,kaka,80,,
'25,OCE,Wildcard,worlds,P1,Fever,87,,
'25,OCE,Wildcard,worlds,P2,Torsos,84,,
'25,OCE,Wildcard,worlds,P3,bananahead,85,,
'25,SAM,Amethyst,sam-only(NEW),P1,Sadness,83,,
'25,SAM,Amethyst,sam-only(NEW),P2,nxghtt,82,,
'25,SAM,Amethyst,sam-only(NEW),P3,wisty,80,,
'25,SAM,Amethyst,sam-only(NEW),COACH,Michi,71,,
'25,SAM,FURIA,worlds,P1,yanxnz,91,,
'25,SAM,FURIA,worlds,P2,Lostt,89,,
'25,SAM,FURIA,worlds,P3,drufinho,87,,
'25,SAM,FURIA,worlds,COACH,BRUNOVISQUII,82,,
'25,SAM,Godfidence,sam-only(NEW),P1,Aztromick,83,,
'25,SAM,Godfidence,sam-only(NEW),P2,Bemmz,81,,
'25,SAM,Godfidence,sam-only(NEW),P3,suco,80,,
'25,SAM,Godfidence,sam-only(NEW),SUB,fAsi,66,,
'25,SAM,Godfidence,sam-only(NEW),COACH,Kaoshi,63,,
'25,SAM,Latino Heat,sam-only(NEW),P1,pan,77,,
'25,SAM,Latino Heat,sam-only(NEW),P2,Davitrox,76,,
'25,SAM,Latino Heat,sam-only(NEW),P3,nachosky,74,,
'25,SAM,Latino Heat,sam-only(NEW),COACH,groval,62,,
'25,SAM,MIBR,worlds,P1,brad,82,,
'25,SAM,MIBR,worlds,P2,droppz,82,,
'25,SAM,MIBR,worlds,P3,Reysbull,86,,
'25,SAM,MIBR,worlds,COACH,pekitas,79,,
'25,SAM,Moonrise,sam-only(NEW),P1,KnS,76,,
'25,SAM,Moonrise,sam-only(NEW),P2,yanD,75,,
'25,SAM,Moonrise,sam-only(NEW),P3,klaus,75,,
'25,SAM,Moonrise,sam-only(NEW),COACH,repi,63,,
'25,SAM,Sunset,sam-only(NEW),P1,caard,83,,
'25,SAM,Sunset,sam-only(NEW),P2,caiotg1,82,,
'25,SAM,Sunset,sam-only(NEW),P3,crn,76,,
'25,SAM,Sunset,sam-only(NEW),COACH,PatoLimpo,63,,
'25,SAM,Team Secret,worlds,P1,kv1,85,,
'25,SAM,Team Secret,worlds,P2,swiftt,87,,
'25,SAM,Team Secret,worlds,P3,Motta,83,,
'25,SSA,FUT Esports,worlds,P1,VKSailen,78,,
'25,SSA,FUT Esports,worlds,P2,Leoro,75,,
'25,SSA,FUT Esports,worlds,P3,TORRES823,75,,
'26,APAC,TSM,worlds,P1,Kevin,82,,
'26,APAC,TSM,worlds,P2,Sphinx,82,,
'26,APAC,TSM,worlds,P3,Catalysm,82,,
'26,EU,Gentle Mates Alpine,worlds,P1,nass,88,,
'26,EU,Gentle Mates Alpine,worlds,P2,archie,89,,
'26,EU,Gentle Mates Alpine,worlds,P3,Oski,90,,
'26,EU,Karmine Corp,worlds,P1,juicy,89,,
'26,EU,Karmine Corp,worlds,P2,Atow.,94,,
'26,EU,Karmine Corp,worlds,P3,Vatira,94,,
'26,EU,Karmine Corp,worlds,COACH,Extra,83,,
'26,EU,Manchester City Esports,worlds,P1,Seikoo,90,,
'26,EU,Manchester City Esports,worlds,P2,ejby,84,,
'26,EU,Manchester City Esports,worlds,P3,accro,83,,
'26,EU,Ninjas in Pyjamas,worlds,P1,oaly.,86,,
'26,EU,Ninjas in Pyjamas,worlds,P2,Joreuz,88,,
'26,EU,Ninjas in Pyjamas,worlds,P3,crr,87,,
'26,EU,Team Vitality,worlds,P1,zen,97,,
'26,EU,Team Vitality,worlds,P2,ExoTiiK,93,,
'26,EU,Team Vitality,worlds,P3,Stizzy,87,,
'26,EU,Team Vitality,worlds,COACH,Eversax,86,,
'26,MENA,Team Falcons,worlds,P1,dralii,94,,
'26,MENA,Team Falcons,worlds,P2,Kiileerrz,93,,
'26,MENA,Team Falcons,worlds,P3,Rw9,93,,
'26,MENA,Team Falcons,worlds,COACH,d7oom-24,83,,
'26,MENA,Twisted Minds,worlds,P1,M0nkey M00n,96,,
'26,MENA,Twisted Minds,worlds,P2,Nwpo,95,,
'26,MENA,Twisted Minds,worlds,P3,trk511,93,,
'26,NA,FUT Esports,worlds,P1,jstn.,87,,
'26,NA,FUT Esports,worlds,P2,Chronic,87,,
'26,NA,FUT Esports,worlds,P3,CHEESE.,86,,
'26,NA,FUT Esports,worlds,COACH,Laf,77,,
'26,NA,NRG Esports,worlds,P1,BeastMode,94,,
'26,NA,NRG Esports,worlds,P2,Atomic,94,,
'26,NA,NRG Esports,worlds,P3,Daniel,95,,
'26,NA,NRG Esports,worlds,COACH,Satthew,90,,
'26,NA,Shopify Rebellion,worlds,P1,Lj.,89,,
'26,NA,Shopify Rebellion,worlds,P2,kofyr,86,,
'26,NA,Shopify Rebellion,worlds,P3,Firstkiller,94,,
'26,NA,Spacestation Gaming,worlds,P1,diaz,87,,
'26,NA,Spacestation Gaming,worlds,P2,Zach,88,,
'26,NA,Spacestation Gaming,worlds,P3,reveal,87,,
'26,OCE,PWR,worlds,P1,gus,84,,
'26,OCE,PWR,worlds,P2,Superlachie,84,,
'26,OCE,PWR,worlds,P3,Fibérr,83,,
'26,SAM,FURIA,worlds,P1,swiftt,87,,
'26,SAM,FURIA,worlds,P2,Lostt,89,,
'26,SAM,FURIA,worlds,P3,yanxnz,91,,
'26,SAM,FURIA,worlds,COACH,BRUNOVISQUII,82,,
'26,SAM,MIBR,worlds,P1,Sadness,85,,
'26,SAM,MIBR,worlds,P2,Aztromick,84,,
'26,SAM,MIBR,worlds,P3,Reysbull,87,,
'26,SAM,MIBR,worlds,COACH,pekitas,80,,
'26,SSA,Pioneers,worlds,P1,Sweaty,75,,
'26,SSA,Pioneers,worlds,P2,LuiisP,78,,
'26,SSA,Pioneers,worlds,P3,2Die4,79,,
'26,SSA,Pioneers,worlds,COACH,Lawler,77,,
